<launch>
    <!-- Core parameters -->
    <arg name="robot" default="$(env ROBOT)" doc="Robot type [rto-1 rto-2 rto-3]"/>
    <arg name="robot_ip" default="0.0.0.0" />

    <!-- Movement parameters -->
    <arg name="max_linear_velocity" default="0.3" />


    <!-- Load description of robot to param server -->
    <param name="robot_description" textfile="$(find rto_description)/urdf/robots/$(arg robot).urdf" />

    <!-- Start-up the drive node for sending movement commands to the robot -->
    <node name="rto_drive" pkg="rto_node" type="rto_node" output="screen">
        <param name="hostname" value="$(arg robot_ip)" />
        <param name="max_linear_vel" value="$(arg max_linear_velocity)" />
        <param name="min_linear_vel" value="0.01" />
        <param name="max_angular_vel" value="0.6" />
        <param name="min_angular_vel" value="0.01" />
        <remap from="rto_joint_states" to="joint_states" />
    </node>

    <!-- Start-up the odometry node to receive odom information from the robot -->
    <node name="rto_odom" pkg="rto_node" type="rto_odometry_node" output="screen">
        <param name="hostname" value="$(arg robot_ip)" />
        <remap from="rto_joint_states" to="joint_states" />
    </node>
    
    <!-- Start-up robot-state-publisher for tf info -->
    <node pkg="robot_state_publisher" type="robot_state_publisher" name="robot_state_publisher" output="screen">
    	<param name="publish_frequency" type="double" value="20.0" />
  	</node>

    <!-- Start-up joystick node in order to steer the robot with a joystick -->
    <include file="$(find rto_teleop)/launch/joystick_teleop.launch" />

</launch>